Date,Open,High,Low,Close,Volume
20170816,27250,32450,27100,31500,3341469
20170814,25700,26800,24400,26750,1384477
20170811,25300,25750,24050,24950,2019038
20170810,28100,28450,26500,26500,1105526
20170809,26850,29600,25500,28200,3964347
20170808,30900,30900,26350,27650,3437793
20170807,32000,35000,31000,31000,1054140
20170804,29850,31950,28000,31000,1156550
20170803,27500,33300,27500,32000,1657395
20170802,25900,26800,25150,26800,855357
20170801,24050,26450,24050,25050,894004
20170731,21100,27000,21100,24550,1605660
20170728,19700,21800,19000,21450,3578814
20170727,19150,22000,18550,20000,6636327
20170726,15350,18850,14850,18850,5925161
20170725,14150,14550,13800,14500,293273
20170724,14150,14300,13750,14000,200153
20170721,13600,14100,13500,14000,247799
20170720,13400,13700,13150,13600,136267
20170719,13050,13400,12900,13400,137537
20170718,13000,13100,12800,13000,121317
20170717,12150,13000,12100,13000,226599
20170714,12450,12450,12150,12200,57603
20170713,12150,12550,12150,12350,66797
20170712,12400,12600,12200,12300,66931
20170711,12350,12500,12250,12350,64128
20170710,12400,12450,12150,12200,81223
20170707,12250,12500,12100,12300,66542
20170706,11800,12750,11800,12350,311524
20170705,11750,11850,11700,11800,68661
20170704,11800,11950,11700,11750,85939
20170703,11900,12050,11750,11800,115253
20170630,11750,12150,11650,12100,146226
20170629,12450,12550,11700,11850,517028
20170628,13100,13100,12250,12550,349941
20170627,13100,13250,12950,13100,80790
20170626,13200,13350,13050,13050,90397
20170623,13150,13350,13100,13200,59990
20170622,13300,13700,13000,13150,153929
20170621,13200,13450,13150,13300,85035
20170620,13500,13500,12950,13150,238210
20170619,13500,13600,13450,13550,82839
20170616,13750,13800,13500,13500,140728
20170615,14050,14050,13650,13800,100984
20170614,13850,14100,13750,14000,102168
20170613,14100,14100,13750,13850,136161
20170612,14350,14450,14000,14050,130235
20170609,14450,14550,14300,14500,83038
20170608,14550,14550,14350,14500,81767
20170607,14450,14550,14250,14500,88980
20170605,14100,14450,14050,14450,147775
20170602,14200,14250,14000,14050,63830
20170601,14250,14450,14000,14200,100330
20170531,14100,14600,14100,14250,201570
20170530,13900,14150,13700,14100,116736
20170529,14100,14350,13850,13900,161825
20170526,13950,14050,13750,14050,118939
20170525,13800,14150,13750,13900,154782
20170524,13600,14100,13600,14000,203669
20170523,13600,13700,13450,13550,77928
20170522,13750,13800,13500,13500,80747
20170519,13450,13800,13350,13750,110595
20170518,13300,13550,13300,13450,88365
20170517,13500,13700,13400,13500,74482
20170516,13900,13950,13450,13500,209598
20170515,13800,13950,13700,13900,118192
20170512,13750,13900,13700,13800,108554
20170511,13800,13950,13750,13850,73957
20170510,14100,14150,13750,13900,121814
20170508,13950,14300,13750,14150,143347
20170504,13500,13800,13500,13700,61186
20170502,13600,13800,13450,13500,96545
20170428,14050,14050,13600,13650,131436
20170427,14000,14150,13900,13900,66919
20170426,14000,14250,13750,14000,116824
20170425,13900,14150,13850,13900,98692
20170424,14250,14300,13850,13900,119022
20170421,14350,14500,14000,14250,136625
20170420,14650,14850,14150,14250,252868
20170419,13600,15700,13600,14700,1284413
20170418,13600,13600,13300,13550,152143
20170417,13800,13850,13450,13500,176190
20170414,14200,14200,13600,13750,155963
20170413,13800,14200,13800,14100,173702
20170412,14350,14450,13100,13800,500081
20170411,14800,15050,14000,14400,244240
20170410,15600,15600,14700,14900,282896
20170407,15500,15600,15350,15450,58229
20170406,15650,15650,15400,15400,82015
20170405,15800,15900,15500,15600,92115
20170404,15650,16050,15500,15900,213359
20170403,15700,15700,15450,15650,105139
20170331,15500,15750,15450,15700,75818
20170330,15500,15600,15450,15500,49946
20170329,15500,15600,15350,15550,65973
20170328,15400,15500,15200,15450,110785
20170327,15700,15700,15400,15400,68402
20170324,15650,15700,15300,15550,70247
20170323,15350,15650,15350,15500,91926
20170322,15650,15900,15500,15550,57405
20170321,16050,16050,15400,15650,166432
20170320,16200,16200,15800,15850,100568
20170317,16200,16400,16150,16200,84498
20170316,16200,16650,16000,16300,113983
20170315,15950,17000,15950,16300,346056
20170314,16100,16150,15850,16000,62274
20170313,16100,16100,15800,16000,86930
20170310,15950,16300,15750,16050,88662
20170309,15950,16450,15850,16000,160522
20170308,15750,15900,15600,15850,60271
20170307,15400,15900,15300,15900,125574
20170306,15500,15650,15400,15400,80751
20170303,16000,16100,15600,15700,96089
20170302,16150,16350,15950,16100,126429
20170228,15600,16400,15500,16150,367363
20170227,15500,15600,15450,15550,90891
20170224,15150,15500,15100,15500,102571
20170223,15350,15350,15200,15200,74213
20170222,15500,15600,15250,15350,94559
20170221,15650,15650,15400,15450,72268
20170220,15700,15850,15500,15550,66640
20170217,15500,15700,15450,15600,57664
20170216,15800,15850,15500,15650,66929
20170215,15550,15850,15450,15800,114419
20170214,15600,15600,15300,15450,67192
20170213,15050,15600,15050,15500,124176
20170210,15400,15650,15250,15450,83876
20170209,15350,15450,15150,15350,86054
20170208,15650,15650,15250,15350,63502
20170207,15700,15750,15500,15650,63331
20170206,15250,15800,15200,15650,95888
20170203,15200,15450,15150,15250,97263
20170202,15700,15700,15350,15350,62488
20170201,15450,15850,15250,15600,113141
20170131,15150,15500,15150,15400,62063
20170126,15100,15300,15000,15250,75314
20170125,15500,15650,15000,15050,126878
20170124,15000,16100,14900,15500,203304
20170123,15600,15850,15100,15150,178832
20170120,15800,16150,15700,15700,144235
20170119,16600,16700,15900,16000,205420
20170118,16500,16750,16500,16600,55713
20170117,16500,16750,16500,16550,90402
20170116,17000,17000,16600,16650,124913
20170113,17050,17050,16800,17000,109412
20170112,16800,17150,16650,16950,205601
20170111,17150,17150,16700,16800,246203
20170110,17200,17350,17000,17100,128818
20170109,17400,17400,17200,17200,89443
20170106,17500,17500,17300,17350,110783
20170105,17450,17600,17300,17450,148807
20170104,17300,17550,17300,17400,119595
20170103,17350,17500,17250,17400,88118
20170102,17600,17650,17150,17300,142252
20161229,17750,17800,17500,17550,98053
20161228,17700,18000,17500,17800,144479
20161227,18000,18050,17600,17600,258837
20161226,18000,18150,17750,17900,185193
20161223,17350,18000,17350,17950,396098
20161222,18550,19450,18500,18550,836934
20161221,17900,18150,17600,18150,196360
20161220,18050,18100,17750,17850,130771
20161219,18000,18100,17550,18050,224768
20161216,17700,18500,17350,18150,369032
20161215,17650,17900,17600,17700,109381
20161214,17600,18000,17400,17900,264027
20161213,17400,17550,17250,17550,146316
20161212,17650,17650,17300,17400,206694
20161209,18000,18150,17500,17550,283270
20161208,17750,18150,17650,17750,133933
20161207,17600,18200,17500,17700,176428
20161206,17300,17950,17150,17750,225728
20161205,17250,17550,17050,17250,103511
20161202,17150,17300,17100,17200,69959
20161201,17300,17350,17050,17250,95283
20161130,17400,17400,17000,17200,129770
20161129,17550,17600,17200,17400,121423
20161128,17600,17800,17550,17550,106250
20161125,17500,17550,17300,17550,88602
20161124,17200,17600,17100,17300,168291
20161123,17350,17650,17200,17300,184069
20161122,17700,17800,17300,17350,246132
20161121,18000,18400,17550,17650,234665
20161118,18300,18300,17650,17950,295062
20161117,18500,18600,18100,18300,180496
20161116,18400,18650,18150,18600,142673
20161115,18950,19000,18250,18300,205878
20161114,18550,19000,18350,18700,161549
20161111,18750,18850,18300,18550,235909
20161110,18750,19050,18600,18850,301678
20161109,19400,19400,17500,18200,931641
20161108,19900,20250,19250,19250,361172
20161107,19500,19900,19450,19800,254832
20161104,19400,19650,18900,19400,343835
20161103,19950,20250,19550,19600,330760
20161102,19400,20200,18750,19750,764705
20161101,19200,20450,19150,19300,778087
20161031,20450,20650,19000,19250,973464
20161028,21350,21550,20750,20800,591301
20161027,20900,21400,20150,21300,1169482
20161026,20850,21400,20050,21150,2070322
20161025,18550,22000,18200,20250,3237757
20161024,18750,19500,17950,18450,832735
20161021,17900,19150,17850,18650,1048584
20161020,17500,17950,17400,17800,283108
20161019,17400,17600,17200,17350,106904
20161018,17400,17400,17150,17350,93359
20161017,17250,17550,17200,17400,82340
20161014,17550,17700,17100,17200,140239
20161013,17600,17950,17550,17600,105682
20161012,17600,18100,17500,17700,228494
20161011,17250,18100,17100,17650,273928
20161010,17250,17300,17000,17100,112913
20161007,17350,17650,17150,17200,107632
20161006,17350,17700,17300,17350,101463
20161005,17250,17450,17200,17350,72462
20161004,17250,17550,17100,17350,122001
20160930,17700,17800,17300,17300,226121
20160929,17750,18050,17750,17850,102239
20160928,18000,18300,17900,17950,189295
20160927,17550,18050,17400,17950,216719
20160926,18300,18450,17400,17700,305268
20160923,18550,18550,18050,18300,279201
20160922,17500,18750,17450,18450,1072164
20160921,17250,17350,16900,17150,154649
20160920,17100,17500,17000,17200,140697
20160919,17100,17200,16750,17100,150397
20160913,17150,17450,17150,17400,126291
20160912,17600,17700,17050,17100,269061
20160909,18750,18750,18000,18000,263133
20160908,18500,18700,18150,18600,376350
20160907,17800,18750,17550,18400,617187
20160906,17700,17800,17500,17800,144616
20160905,17400,17800,17250,17700,165581
20160902,17150,17500,17050,17400,123510
20160901,17200,17300,17000,17050,109893
20160831,17400,17700,17100,17150,133694
20160830,17100,18200,17000,17450,286025
20160829,17450,17900,17200,17200,181049
20160826,17250,17850,16950,17450,156993
20160825,17450,17600,17300,17300,101967
20160824,17550,17850,17400,17450,122246
20160823,17450,17850,17450,17650,156378
20160822,18100,18150,17400,17400,234843
20160819,18100,18650,18000,18100,357007
20160818,18200,18500,17850,17950,271154
20160817,18500,18900,17900,17950,394514
20160816,17650,20400,17650,18350,2670931
20160812,17500,17850,17300,17400,112046
20160811,17600,17650,17350,17450,81647
20160810,17500,17950,17250,17600,130709
20160809,17050,17750,16900,17350,152765
20160808,17250,17350,16600,16800,141516
20160805,17450,17500,17150,17250,103904
20160804,17250,17600,17200,17250,122884
20160803,17600,17950,17200,17250,231643
20160802,18000,18100,17450,17600,188526
20160801,18300,18400,17900,17900,126660
20160729,18400,18800,18200,18400,231289
20160728,18000,18450,17850,18350,208504
20160727,18100,18150,17800,18000,94173
20160726,17850,18250,17700,18050,112008
20160725,18300,18300,17850,17850,108500
20160722,17850,18450,17800,18200,181950
20160721,18100,18200,17800,17850,127090
20160720,18200,18350,17900,18000,127841
20160719,18000,19000,18000,18200,458151
20160718,17750,18250,17550,18000,131315
20160715,18000,18150,17800,17800,164230
20160714,18300,18500,17850,18000,206871
20160713,18100,18400,17950,18300,218774
20160712,18200,18550,17900,18100,233365
20160711,18500,18500,17850,18200,240367
20160708,18650,18850,18050,18200,300546
20160707,18600,19300,18350,18750,650967
20160706,18200,19000,17750,18400,732711
20160705,17400,19900,17150,18100,2363111
20160704,17550,17950,17150,17300,657657
20160701,18400,18700,17400,17550,1388508
20160630,15850,20400,15700,18750,5122102
20160629,15950,16050,15600,15750,218974
20160628,15500,15850,15100,15500,184654
20160627,15000,15850,14800,15400,228962
20160624,16150,16300,14550,15750,484945
20160623,16550,16750,16000,16100,262567
20160622,16650,17200,16400,16700,220556
20160621,16250,16900,16250,16550,185183
20160620,16650,16750,16300,16450,174543
20160617,16700,16800,16300,16450,180146
20160616,17350,17450,16500,16550,217135
20160615,16900,18150,16750,17200,446463
20160614,16750,17200,16550,16850,238359
20160613,17600,17600,16800,16850,380059
20160610,18150,18150,17600,17650,219016
20160609,18250,18550,17600,18050,521399
20160608,18650,18700,18300,18350,237131
20160607,18350,18800,18300,18700,211882
20160603,18850,18900,18500,18600,242704
20160602,19200,19200,18800,18850,208943
20160601,19400,19400,19000,19050,192381
20160531,19000,19550,18900,19400,280508
20160530,19000,19850,18600,19050,341216
20160527,18950,19100,18550,18850,226405
20160526,19850,20150,18750,18800,419407
20160525,20050,20400,19250,19250,338012
20160524,19550,21100,19300,19850,943347
20160523,19800,20250,19300,19500,243849
20160520,19050,19750,18700,19700,340240
20160519,19050,19300,18500,19050,284115
20160518,19600,19600,18600,19150,537713
20160517,20350,20350,19600,19700,356734
20160516,20150,20500,19700,20350,306621
20160513,20700,20900,20000,20250,403389
20160512,20800,21150,20500,20750,220380
20160511,21350,21650,20850,20850,292097
20160510,20350,21950,20250,21150,507038
20160509,21000,21450,20500,20550,252844
20160504,21650,21800,20450,21100,568879
20160503,21900,22300,21700,21750,321846
20160502,22500,22650,21750,21950,342773
20160429,22300,22850,21350,22300,653337
20160428,22600,23150,22100,22150,554126
20160427,23000,23250,22600,22600,749233
20160426,22150,24100,21750,22700,1995934
20160425,21500,22550,21150,21850,696603
20160422,23000,23050,21650,21900,982040
20160421,22500,24550,22400,22800,2813113
20160420,23150,23600,21950,22250,1609341
20160419,24200,24300,22350,23350,3024232
20160418,19200,23700,18700,23600,6270187
20160415,19100,20200,18850,19200,1451825
20160414,18450,18850,17500,18600,1035921
20160412,19050,19850,18050,18450,1065321
20160411,18400,20500,18150,18850,2654293
20160408,19700,20300,17850,18050,2002048
20160407,18950,22300,18350,19350,6694343
20160406,14600,18850,14450,18850,6598839
20160405,13500,16100,13500,14500,2334380
20160404,13950,14000,13200,13400,457983
20160401,14400,14500,13900,14000,282124
20160331,14900,15000,14400,14550,244086
20160330,15100,15100,14600,14800,204907
20160329,14550,15200,14500,15050,260591
20160328,15100,15250,14350,14550,360423
20160325,15550,15750,15100,15100,219940
20160324,15750,16000,15500,15500,252650
20160323,15600,16350,15350,15600,334112
20160322,15600,16050,15600,15600,160554
20160321,16000,16100,15100,15900,640476
20160318,16300,16350,16000,16150,227323
20160317,16400,16500,16200,16300,92266
20160316,16350,16400,16150,16350,118853
20160315,16550,16550,16100,16350,135806
20160314,16600,16650,16100,16200,201936
20160311,16750,16950,16550,16550,167349
20160310,17050,17200,16650,16900,324303
20160309,16950,17050,16750,16950,148660
20160308,17100,17400,16650,16950,262137
20160307,16900,17200,16750,16900,358309
20160304,16100,16800,16050,16650,424150
20160303,16900,17150,15500,16000,1523642
20160302,18450,18600,18200,18250,164381
20160229,18200,18500,18100,18450,153104
20160226,17800,18500,17700,18300,177818
20160225,18000,18100,17750,17800,109111
20160224,18450,18500,17800,17800,160763
20160223,18400,18900,17900,18350,300973
20160222,17100,19000,17100,18150,794353
20160219,17050,17350,16950,17200,173941
20160218,17250,17450,17000,17200,279250
20160217,17750,17800,17050,17100,244164
20160216,17100,18100,17100,17650,282873
20160215,17100,17500,16950,17250,207418
20160212,18000,18250,16100,17050,458556
20160211,19200,19350,18500,18500,267247
20160205,19350,20050,19150,19750,209814
20160204,19600,20250,19100,19350,194251
20160203,19050,20250,18500,19450,405179
20160202,17650,20750,17650,19050,1045166
20160201,18050,18350,17500,17850,321011
20160129,18450,18500,17950,18150,196599
20160128,18600,18650,17900,18350,318528
20160127,19100,19350,18450,18700,206088
20160126,19150,19550,19050,19150,154502
20160125,19150,19400,19000,19150,176848
20160122,19750,19950,18500,18950,420111
20160121,20100,20350,19450,19600,272547
20160120,20250,20950,20000,20150,278840
20160119,20850,20850,20350,20500,176813
20160118,20500,20950,20400,20850,136319
20160115,21100,21600,20650,20900,188423
20160114,21000,21000,20550,20800,201284
20160113,21500,21650,21050,21300,188872
20160112,21900,22000,21450,21450,163955
20160111,21450,22300,21400,21700,190571
20160108,21600,21900,21200,21700,235052
20160107,22150,22500,21700,22050,248007
20160106,22050,22600,21650,22200,369868
20160105,21400,22050,21200,21800,193336
20160104,21350,22900,21350,21650,604400
20151230,20400,20850,20300,20800,141896
20151229,20100,20650,20100,20550,164399
20151228,20600,20950,20100,20100,206554
20151224,20550,20900,20450,20550,137076
20151223,20800,20850,20400,20500,204644
20151222,21150,21350,20700,20800,208218
20151221,20600,21750,20600,21100,203272
20151218,20700,21350,20700,21000,146361
20151217,21250,21400,20750,21000,158436
20151216,20850,21200,20650,21150,177025
20151215,20200,20950,20200,20650,188326
20151214,20450,20750,20200,20300,211069
20151211,20700,21700,20700,21200,224905
20151210,20900,21700,20500,20800,249600
20151209,21850,21950,21100,21100,347089
20151208,22700,22800,21950,22050,315442
20151207,23100,23350,22700,22700,237626
20151204,22950,23550,22950,23100,172435
20151203,23100,23350,23000,23100,197892
20151202,23400,23700,23050,23050,270400
20151201,23400,23700,23300,23350,163390
20151130,23450,23700,23050,23700,257448
20151127,23500,23900,23100,23500,264848
20151126,23400,24050,23400,23400,245647
20151125,23850,23900,23400,23450,281222
20151124,24200,24650,23650,23800,346643
20151123,23600,24200,23300,24000,350048
20151120,23800,23850,23200,23600,308206
20151119,23950,24700,23600,23850,393277
20151118,22750,26250,22450,23750,1857251
20151117,22600,23150,22400,22750,312189
20151116,22500,22650,22200,22400,328826
20151113,23500,23700,23000,23150,339483
20151112,23850,24350,23700,23850,283616
20151111,23150,24800,23000,23850,624284
20151110,23450,23500,22800,23050,473671
20151109,24500,24750,23750,23800,598614
20151106,24600,25900,24150,24900,1024469
20151105,25800,26200,24500,24600,794522
20151104,27200,27600,25550,25700,1528612
20151103,28400,28800,25150,27150,5434658
20151102,23050,23650,22750,22950,294555
20151030,23250,23650,22750,23050,283358
20151029,23650,23900,23200,23300,313892
20151028,24050,24150,23550,23550,319426
20151027,23700,24450,23650,23750,466218
20151026,23700,24800,23550,23700,400622
20151023,24450,24700,23600,23850,541037
20151022,23100,25250,23050,24300,1265497
20151021,24050,24250,23250,23350,546340
20151020,22500,27500,22050,23900,3163925
20151019,21650,23700,21300,22400,1241455
20151016,22300,22350,21500,21750,514329
20151015,22150,22600,21900,22250,344665
20151014,22300,23200,21900,22300,840651
20151013,20800,23650,20700,23100,2581580
20151012,20650,21850,20050,20700,928920
20151008,24850,24900,19400,21200,3030672
20151007,23350,25250,23050,24600,949238
20151006,24100,24400,23500,23500,359085
20151005,24700,24700,24100,24150,248400
20151002,24000,24400,23450,24400,389529
20151001,23150,25450,23100,24100,1040360
20150930,22800,23200,22100,23000,394238
20150925,23650,23700,22750,22850,509356
20150924,22600,24200,21500,23550,1186154
20150923,24700,24950,23900,24050,527969
20150922,25200,25250,24650,24750,441481
20150921,24850,25500,24650,25000,513027
20150918,25100,25350,24750,25200,519591
20150917,24900,25500,24750,24900,611382
20150916,24900,25600,24400,24900,896105
20150915,26850,27150,19750,24900,2866658
20150914,27900,29000,26550,27100,1332006
20150911,26000,31950,25500,27500,4271665
20150910,24800,25700,24250,25700,732609
20150909,24850,25250,24500,25150,469299
20150908,24500,25200,23800,24500,579735
20150907,23800,24800,23200,24250,502227
20150904,25800,25950,24050,24450,750529
20150903,26300,26650,25600,25750,497128
20150902,25550,26300,25250,25950,896878
20150901,28100,28600,26750,26750,1305789
20150831,27500,28300,26700,27700,1169823
20150828,27050,27700,26700,27300,970059
20150827,27300,27750,26650,26900,1034785
20150826,26600,28250,25650,26950,1754722
20150825,26350,28950,25400,26800,4173715
20150824,22150,24250,21850,23000,706778
20150821,23100,24000,20800,22700,1145407
20150820,24850,25550,24600,24800,445796
20150819,24800,26450,24550,25300,904460
20150818,25950,26000,24700,24950,624411
20150817,26350,26650,25400,25600,709604
20150813,26450,27300,26050,26800,643407
20150812,26900,27250,25250,26450,950881
20150811,28400,28700,27450,27450,772832
20150810,27800,29050,27650,28250,1184120
20150807,27100,29500,26400,27750,3202655
20150806,29350,29400,27200,27300,2084203
20150805,30000,30450,28300,29000,4886361
20150804,30150,30150,29950,30150,1734144
20150803,23650,24200,23100,23200,479948
20150731,22800,23850,22150,23600,961265
20150730,24950,25550,23200,23200,2179756
20150729,27900,28900,27050,27050,1127771
20150728,26950,29100,26600,28050,1353050
20150727,27900,27950,27050,27300,519345
20150724,27700,28400,26800,28000,807668
20150723,28250,28700,27550,27600,692675
20150722,28400,29200,27900,28050,1168953
20150721,27350,29200,27100,28450,1857877
20150720,27100,30400,26600,28300,3754027
20150717,27450,27850,26300,27100,1318538
20150716,27700,28500,27000,27450,1372102
20150715,29800,29850,27750,28200,2023966
20150714,28300,30400,27750,29650,2849631
20150713,26300,28050,25500,27600,2037424
20150710,26550,27300,25800,25950,1469608
20150709,27000,27250,24500,26250,2506360
20150708,29650,30450,27450,27750,2242409
20150707,27550,32450,27200,29100,7742986
20150706,27600,30300,25450,26950,5658663
20150703,29950,30300,28400,28550,2521674
20150702,30500,31400,28500,30200,4579890
20150701,33250,33250,28000,30100,10371124
20150630,31400,34850,30000,33300,12734724
20150629,27450,27450,27450,27450,530518
20150626,16500,21150,16200,21150,5225005
20150625,14900,17350,14700,16300,5411985
20150624,15400,15550,14350,14950,2223273
20150623,16050,16100,15500,15600,1287195
20150622,15950,16600,15550,15850,1113422
20150619,15800,16050,15150,15800,1579533
20150618,16200,16650,15600,15650,1706237
20150617,15050,16850,14800,15700,3034533
20150616,16700,16700,14400,15250,4049099
20150615,16100,17500,15850,16750,2440101
20150612,16900,17350,15850,16250,3541408
20150611,17850,18950,16800,16850,3934633
20150610,18500,20300,17500,18250,8865828
20150609,15900,17950,15600,17950,6618764
20150608,16300,16600,14950,15650,4087314
20150605,16300,17400,15700,15950,4172835
20150604,17850,18100,16700,17400,6502468
20150603,16600,18550,14650,16700,23569526
20150602,20700,21400,17200,17200,14024912
20150601,19100,23350,18700,20200,14492993
20150529,20950,20950,19200,20950,9277624
20150528,18250,18250,18250,18250,107312
20150527,15100,15900,15100,15900,1729862
20150526,11600,13850,10800,13850,20945475
20150522,10300,12050,9990,12050,13742622
20150521,9420,10650,9270,10500,11930845
20150520,9740,10150,9060,9270,12005423
20150519,8980,9900,8740,9900,15460908
20150518,10300,10450,8550,8610,9658288
20150515,10750,10950,9970,10050,10577475
20150514,11550,12250,9510,10350,32544005
20150513,11050,13900,11050,11050,46887038
20150512,12950,12950,12950,12950,18887
20150511,15200,15200,15200,15200,24202
20150508,17850,17850,17850,17850,73995
20150507,21000,21000,21000,21000,67877
20150506,24650,24650,24650,24650,30449
20150504,29000,29000,29000,29000,26042
20150430,34100,34100,34100,34100,1068106
20150429,45000,45000,40100,40100,7339020
20150428,45400,52200,44650,47150,16805677
20150427,45400,45400,45400,45400,308380
20150424,53300,53300,53300,53300,216413
20150423,62700,62700,62700,62700,48554
20150422,83600,86000,73700,73700,1780591
20150421,84300,87200,83200,86600,378133
20150420,88700,89200,84300,85200,571696
20150417,88100,91000,87100,91000,410916
20150416,90500,91200,87000,88200,600373
20150415,80100,91000,80100,91000,976061
20150414,82400,83100,78600,79200,366151
20150413,81900,83900,79000,82900,467994
20150410,74800,81000,74500,78500,742877
20150409,70700,74200,70300,73900,255586
20150408,72200,72200,69800,70700,239681
20150407,74800,75000,71600,72400,201211
20150406,71300,76000,71100,73600,469273
20150403,69500,71200,68100,69500,200893
20150402,70500,70800,68600,69500,258242
20150401,70700,71600,68100,70400,375834
20150331,75100,75800,71200,71400,312632
20150330,77000,77700,73200,74100,280782
20150327,72300,78000,72300,76000,408346
20150326,73700,75200,71200,72200,213061
20150325,75400,76900,73200,74200,257243
20150324,73200,75600,73200,74900,258257
20150323,76000,77500,72800,73600,451683
20150320,80800,81800,76300,76800,692387
20150319,76300,83000,74700,81500,769497
20150318,75200,78100,73700,74600,573155
20150317,80400,80500,74400,75500,699025
20150316,72300,81600,72200,80500,794710
20150313,72200,72500,70200,71000,221737
20150312,69100,71200,69100,70900,249762
20150311,66900,70800,65600,68700,480835
20150310,71400,73000,66500,67500,603425
20150309,66000,73500,65100,69800,993644
20150306,61000,65300,60800,65100,616345
20150305,58100,59900,58000,59900,255757
20150304,56700,58400,56400,57900,278941
20150303,54600,56500,54300,56300,256299
20150302,51900,54500,51900,54400,183488
20150227,52300,52800,51600,52200,43386
20150226,51500,52900,51300,52100,79233
20150225,52800,53000,51300,51400,100186
20150224,51700,53500,51700,52200,87673
20150223,52900,53900,52200,52500,70812
20150217,53900,54400,52500,52900,112277
20150216,53200,54800,52900,54200,230794
20150213,53400,54100,52600,53100,128380
20150212,53900,54300,52700,53100,181738
20150211,51900,54300,51200,54100,157356
20150210,52400,52900,49950,52500,336923
20150209,53900,55100,53200,53900,173720
20150206,54300,54800,53300,53900,162086
20150205,53500,54200,53000,54000,179098
20150204,53000,53300,52300,53000,111013
20150203,52100,52700,50600,52400,183979
20150202,51600,52700,51000,52400,114257
20150130,53200,53500,51700,52000,125741
20150129,51900,53400,51600,52800,278373
20150128,48650,51500,48500,51500,205974
20150127,49950,50200,48400,49000,114509
20150126,47900,49650,47050,49500,174920
20150123,48150,48450,47150,47500,119435
20150122,49300,49300,47300,48300,95906
20150121,48450,49700,48300,49050,97711
20150120,46300,48950,46300,48300,145668
20150119,49200,49500,46900,46900,171241
20150116,49200,49750,49100,49400,78368
20150115,48800,49600,48100,49600,105274
20150114,49650,50400,48400,49400,84457
20150113,50500,50600,49300,49400,91380
20150112,49500,51200,49200,50300,164337
20150109,48850,50200,48300,49550,234780
20150108,47000,49050,47000,48400,196034
20150107,45400,47200,45400,46750,113564
20150106,46400,47300,45050,45700,108650
20150105,47400,47850,46350,47000,76365
20150102,45650,47150,45600,47000,100661
20141230,45800,46100,45050,45550,89402
20141229,44500,46150,43750,46100,190412
20141226,43600,44800,43300,44000,177444
20141224,43000,43700,42800,43100,212518
20141223,44350,44950,42500,43100,335557
20141222,45300,45700,44450,44650,230095
20141219,47500,48000,44150,44550,459721
20141218,49900,49950,46800,47100,252171
20141217,50300,50400,49200,49200,69804
20141216,50500,51000,49800,50000,127321
20141215,49450,50900,48700,50800,65527
20141212,50000,50900,49550,49800,134419
20141211,50600,51600,50100,50300,90543
20141210,51100,51800,50200,51100,76475
20141209,53000,53300,51000,51000,161478
20141208,53000,53700,52300,52900,78382
20141205,52900,53900,52600,52800,79183
20141204,53900,54300,52300,53000,106714
20141203,54500,55000,52800,53700,125687
20141202,53600,54600,53100,54500,84232
20141201,53800,54500,53000,53900,104182
20141128,53500,54800,52500,53500,68813
20141127,53100,55400,52800,53800,203190
20141126,52700,53200,51800,53100,91372
20141125,49200,52900,49000,52900,318093
20141124,51500,51500,48500,48500,290861
20141121,52000,53100,50800,51500,273682
20141120,51700,54900,51600,53300,302161
20141119,50100,52000,49800,51700,166388
20141118,47300,49400,47300,49000,131797
20141117,49850,51000,47100,47700,290318
20141114,50900,51600,49400,51000,145267
20141113,52500,52600,50700,51000,212872
20141112,54500,55200,51900,52000,164362
20141111,51600,55400,51500,54600,191590
20141110,55000,55000,51400,51600,148957
20141107,52400,54300,51900,54300,98492
20141106,55500,55500,53000,53100,164549
20141105,54300,56000,54200,55000,153471
20141104,55300,56200,53500,54500,121767
20141103,56100,56400,54800,55300,126986
20141031,54600,56800,54600,56100,165216
20141030,56000,57600,52500,54500,340994
20141029,58900,59200,56800,56800,176030
20141028,56500,58800,56300,58200,285517
20141027,55900,56200,53800,55800,194467
20141024,57100,57100,55400,55900,121005
20141023,55000,56500,54900,56500,284928
20141022,54200,55200,54000,54800,290540
20141021,54500,54600,52300,53200,285227
20141020,54500,54600,53400,54200,136083
20141017,53400,54700,52600,53500,190545
20141016,52800,53300,52200,53200,220212
20141015,53400,53900,52300,53000,258086
20141014,50900,53100,50400,53100,451759
20141013,50000,52000,49500,50400,484360
20141010,46500,49900,46100,49500,442921
20141008,44500,47100,44350,46500,162482
20141007,45000,46100,44300,45000,127608
20141006,44600,46100,44600,45300,121155
20141002,43200,45600,43200,44600,157880
20141001,45900,46700,43950,44100,212721
20140930,45600,46300,45000,45400,164368
20140929,48300,48950,45800,46000,315878
20140926,48000,48900,46950,47850,153450
20140925,46150,48700,46050,48400,431221
20140924,45500,46200,44550,46150,295569
20140923,47000,47450,44100,45800,644419
20140922,48850,49300,47000,47000,375278
20140919,50500,51100,49400,49400,237835
20140918,51700,52100,50400,50600,116947
20140917,51400,52300,50400,51600,157005
20140916,51900,51900,51000,51200,125367
20140915,51700,52500,51100,52000,119899
20140912,52400,52800,50800,52000,123490
20140911,52800,54000,52100,52400,269574
20140905,50900,52700,50800,52500,233228
20140904,50900,51800,50000,51000,149968
20140903,49550,51300,49300,50800,216932
20140902,48800,49800,48200,49100,116172
20140901,48000,49650,47850,48850,163767
20140829,48900,48900,47350,48000,209704
20140828,49700,49850,48850,48950,167383
20140827,49900,50900,48850,50000,408390
20140826,50800,51600,50100,51200,84702
20140825,49900,51900,48800,50700,138001
20140822,50500,50700,49450,49900,113444
20140821,50200,51300,49900,50800,90981
20140820,52200,52300,50500,50600,113725
20140819,52400,53200,51600,51800,112235
20140818,51800,52500,50600,51600,180290
20140814,50500,52700,49950,51600,186517
20140813,51100,51300,49650,50400,215434
20140812,46900,50600,46700,50600,243660
20140811,46450,47000,45800,46550,83881
20140808,46000,47300,45850,46000,71576
20140807,46900,47000,45800,46000,95614
20140806,46250,48250,45750,47000,162393
20140805,46650,47100,45850,46000,105263
20140804,48400,48550,46850,47000,128469
20140801,46000,48950,45600,48350,250461
20140731,80900,83300,80500,81000,152956
20140730,78300,83300,76700,82000,134347
20140729,81000,81600,77100,77700,186021
20140728,82000,83100,80700,80900,70201
20140725,80000,81900,80000,81500,72517
20140724,81000,82100,79900,80600,57136
20140723,81200,82100,79900,80700,96339
20140722,83800,84300,81500,82100,90723
20140721,80900,82900,80700,82600,99201
20140718,83000,83900,80000,80300,248292
20140717,84200,86000,82800,84200,128773
20140716,86000,88400,83000,83600,400956
20140715,81300,82700,79800,80900,94078
20140714,81000,81700,80000,81600,92076
20140711,79800,81500,79700,80100,98684
20140710,77200,80300,76900,80300,217380
20140709,73800,76700,72600,76500,131600
20140708,74300,75400,72000,74300,231930
20140707,74500,75700,73200,74200,202010
20140704,76500,77100,73600,75900,237935
20140703,79000,80000,75000,75600,195643
20140702,77200,79900,76300,78500,155066
20140701,77200,78500,76000,77100,114924
20140630,73100,77900,71800,77200,243708
20140627,77800,77900,72200,72200,279538
20140626,76900,77700,76700,77300,79318
20140625,75300,77500,74400,76300,110567
20140624,76100,76400,73200,74000,98016
20140623,74800,76500,74700,75500,140316
20140620,70600,74200,70600,74200,274112
20140619,70700,71400,70400,70600,46502
20140618,70600,71200,70100,70700,49533
20140617,69300,71000,69300,71000,102169
20140616,70200,70700,69500,69500,67137
20140613,69000,70200,68400,70200,94776
20140612,69000,69300,67900,69000,63207
20140611,68200,69300,66000,68600,185948
20140610,68900,69500,68200,68500,147323
20140609,68500,69500,67500,68900,119618
20140605,64900,68400,64700,68000,244885
20140603,66200,66600,64000,64600,107745
20140602,68500,69100,65400,66600,177121
20140530,65900,68000,65200,68000,183334
20140529,64000,66500,62700,66300,245409
20140528,64600,65700,63600,63800,193289
20140527,62600,64000,62100,63600,138370
20140526,64700,64700,62100,62100,107431
20140523,62600,63800,62200,63800,192992
20140522,60100,62200,59600,62000,180377
20140521,58000,59800,57900,59000,96800
20140520,60100,60700,57600,58100,115709
20140519,60400,60600,59400,59400,117846
20140516,61900,62000,58800,59300,395574
20140515,62400,64000,61800,63300,103145
20140514,62800,63000,61500,62600,77347
20140513,62500,63200,62000,62500,99892
20140512,61100,62800,60100,62400,97559
20140509,62100,63100,60600,60700,145929
20140508,64900,64900,60200,61400,457058
20140507,63300,65300,63300,64900,165750
20140502,63100,64200,62900,63500,100706
20140430,61900,64500,61500,63100,245153
20140429,60000,62500,60000,61000,86354
20140428,60000,61600,59100,61000,73967
20140425,63100,63900,59600,61000,152256
20140424,61800,63500,61000,62600,160236
20140423,61000,62300,60300,61400,105923
20140422,58500,61200,57500,61100,140147
20140421,60200,61200,58300,58400,110989
20140418,61000,61900,59600,60700,93100
20140417,61500,62300,60300,60600,80200
20140416,61800,62900,61100,61100,74926
20140415,62200,62500,61200,62000,70035
20140414,60400,62500,59600,62200,146140
20140411,59100,61500,58500,60400,133596
20140410,60500,61700,58600,60900,231007
20140409,56800,59700,56500,59500,378468
20140408,57100,58400,55500,56000,312805
20140407,60400,60400,56700,57600,391667
20140404,63000,63600,60900,61800,218189
20140403,66900,66900,62900,63400,156422
20140402,66500,67400,65000,66400,147265
20140401,61800,66200,61200,66200,424577
20140331,62000,63200,59600,61100,307525
20140328,63500,64300,61500,62000,116011
20140327,64000,65700,62700,63000,152135
20140326,65900,65900,62400,64400,190096
20140325,66800,66900,62300,64800,462707
20140324,71300,71300,67100,67800,230465
20140321,72000,72200,70500,71500,84146
20140320,69800,71500,69500,71500,177807
20140319,67100,69800,66900,69600,165461
20140318,66800,67400,65700,66400,73272
20140317,68100,68100,64800,65900,199224
20140314,69500,70600,68000,68100,145162
20140313,69000,70000,67600,70000,127139
20140312,68000,70000,67500,68200,235638
20140311,68200,68500,66300,67200,131127
20140310,68200,69800,67200,67600,114308
20140307,70000,70700,68000,68600,156444
20140306,67700,69100,67700,67900,133675
20140305,65000,68200,64900,67900,264428
20140304,64000,64800,63800,64300,89869
20140303,63800,66000,63800,64100,104965
20140228,64500,66700,64200,64500,185468
20140227,64400,65800,63500,64100,193929
20140226,60500,64100,60100,63900,334139
20140225,60400,60700,59400,60300,89329
20140224,59900,60900,59000,60000,145274
20140221,59400,60100,58100,59500,176151
20140220,57400,58700,56100,58500,139564
20140219,57500,58100,56400,56600,139053
20140218,56700,57500,55800,56700,143271
20140217,59400,59600,56500,56800,185307
20140214,59200,60300,58400,59000,149517
20140213,57200,59600,56100,59500,337048
20140212,59400,59500,55800,56100,311237
20140211,60700,61000,58300,59000,166513
20140210,62300,62900,60300,60500,157069
20140207,58800,61900,58300,61900,260238
20140206,59500,61300,59400,60000,141335
20140205,56800,60400,56800,59400,148023
20140204,56000,57100,55300,56000,95099
20140203,57500,58100,55500,57100,120944
20140129,58300,59800,57700,59100,87850
20140128,61100,61500,57400,57700,120994
20140127,59600,63100,59500,60400,125931
20140124,61200,64600,60000,61300,206534
20140123,56700,63200,55800,60900,268396
20140122,52400,58300,51700,56700,180059
20140121,52300,52600,51100,52400,56635
20140120,50100,52400,50000,52200,106145
20140117,50600,51700,49750,50500,75642
20140116,50900,51800,49900,50000,103635
20140115,53800,54400,49500,50000,264083
20140114,99800,101000,98000,100000,100427
20140113,96400,100800,95000,98800,133098
20140110,94800,95700,93200,95700,37365
20140109,94100,96400,92200,94100,56660
20140108,98500,99500,94300,94300,89125
20140107,94000,98800,93500,98500,68715
20140106,95500,96000,92900,95400,46591
20140103,95700,95900,92500,95500,82445
20140102,99900,100300,95500,96500,104974
